Datetime,Average_Demand,Minimum_Demand,Maximum_Demand
2018-08-03,5772.03,4553.314,6782.81
2018-08-04,5278.5444,4156.895,6327.0806
2018-08-05,5233.48,3970.6099,6519.419
2018-08-06,5759.2188,4259.988,7095.036
2018-08-07,6050.644,4529.8438,7400.0547
2018-08-08,6182.385,4646.835,7549.19
2018-08-09,6258.7407,4778.9956,7538.142
2018-08-10,6103.3965,4691.245,7291.506
2018-08-11,5542.93,4370.9253,6563.161
2018-08-12,5474.2036,4100.907,6927.59
2018-08-13,6167.4175,4456.0986,7739.3438
2018-08-14,6349.9272,4825.412,7654.4897
2018-08-15,6381.736,4780.847,7815.434
2018-08-16,6493.717,4896.968,7924.613
2018-08-17,6576.6426,4977.593,7953.5557
2018-08-18,6172.772,4793.678,7350.5967
2018-08-19,5743.7017,4472.93,6881.278
2018-08-20,6192.0254,4596.2036,7608.2407
2018-08-21,6039.133,4654.1167,7246.0796
2018-08-22,5855.0835,4484.8354,7036.0713
2018-08-23,5819.5977,4484.411,6984.587
2018-08-24,5721.8125,4468.1865,6863.722
2018-08-25,5514.6157,4268.153,6777.7373
2018-08-26,5636.6987,4224.664,7041.34
2018-08-27,6374.8027,4603.2207,7934.752
2018-08-28,6413.4126,4899.1714,7739.911
2018-08-29,6337.1294,4829.0215,7647.8228
2018-08-30,6251.1636,4802.0547,7473.1465
2018-08-31,5903.0493,4603.975,7013.6455
2018-09-01,5368.177,4203.0317,6447.2876
2018-09-02,4944.363,4944.363,4944.363
