Datetime,Predicted_PJMW_MW,Date,Hour,DayOfWeek,Month
2018-08-03 01:00:00,5091.583,2018-08-03,1,Friday,8
2018-08-03 02:00:00,4820.2314,2018-08-03,2,Friday,8
2018-08-03 03:00:00,4646.2695,2018-08-03,3,Friday,8
2018-08-03 04:00:00,4556.6924,2018-08-03,4,Friday,8
2018-08-03 05:00:00,4553.314,2018-08-03,5,Friday,8
2018-08-03 06:00:00,4725.111,2018-08-03,6,Friday,8
2018-08-03 07:00:00,5002.648,2018-08-03,7,Friday,8
2018-08-03 08:00:00,5291.837,2018-08-03,8,Friday,8
2018-08-03 09:00:00,5549.4644,2018-08-03,9,Friday,8
2018-08-03 10:00:00,5807.544,2018-08-03,10,Friday,8
2018-08-03 11:00:00,6015.813,2018-08-03,11,Friday,8
2018-08-03 12:00:00,6197.4893,2018-08-03,12,Friday,8
2018-08-03 13:00:00,6377.14,2018-08-03,13,Friday,8
2018-08-03 14:00:00,6553.305,2018-08-03,14,Friday,8
2018-08-03 15:00:00,6651.536,2018-08-03,15,Friday,8
2018-08-03 16:00:00,6726.1035,2018-08-03,16,Friday,8
2018-08-03 17:00:00,6782.81,2018-08-03,17,Friday,8
2018-08-03 18:00:00,6742.1074,2018-08-03,18,Friday,8
2018-08-03 19:00:00,6586.1484,2018-08-03,19,Friday,8
2018-08-03 20:00:00,6348.871,2018-08-03,20,Friday,8
2018-08-03 21:00:00,6164.808,2018-08-03,21,Friday,8
2018-08-03 22:00:00,5978.6616,2018-08-03,22,Friday,8
2018-08-03 23:00:00,5587.195,2018-08-03,23,Friday,8
2018-08-04 00:00:00,5159.738,2018-08-04,0,Saturday,8
2018-08-04 01:00:00,4758.616,2018-08-04,1,Saturday,8
2018-08-04 02:00:00,4513.246,2018-08-04,2,Saturday,8
2018-08-04 03:00:00,4341.093,2018-08-04,3,Saturday,8
2018-08-04 04:00:00,4211.366,2018-08-04,4,Saturday,8
2018-08-04 05:00:00,4156.895,2018-08-04,5,Saturday,8
2018-08-04 06:00:00,4201.799,2018-08-04,6,Saturday,8
2018-08-04 07:00:00,4237.4424,2018-08-04,7,Saturday,8
2018-08-04 08:00:00,4444.8784,2018-08-04,8,Saturday,8
2018-08-04 09:00:00,4762.1714,2018-08-04,9,Saturday,8
2018-08-04 10:00:00,5132.0396,2018-08-04,10,Saturday,8
2018-08-04 11:00:00,5415.1953,2018-08-04,11,Saturday,8
2018-08-04 12:00:00,5680.9346,2018-08-04,12,Saturday,8
2018-08-04 13:00:00,5836.933,2018-08-04,13,Saturday,8
2018-08-04 14:00:00,5989.3403,2018-08-04,14,Saturday,8
2018-08-04 15:00:00,6127.8364,2018-08-04,15,Saturday,8
2018-08-04 16:00:00,6216.483,2018-08-04,16,Saturday,8
2018-08-04 17:00:00,6310.101,2018-08-04,17,Saturday,8
2018-08-04 18:00:00,6327.0806,2018-08-04,18,Saturday,8
2018-08-04 19:00:00,6165.4927,2018-08-04,19,Saturday,8
2018-08-04 20:00:00,5938.2373,2018-08-04,20,Saturday,8
2018-08-04 21:00:00,5784.1455,2018-08-04,21,Saturday,8
2018-08-04 22:00:00,5656.6255,2018-08-04,22,Saturday,8
2018-08-04 23:00:00,5317.3706,2018-08-04,23,Saturday,8
2018-08-05 00:00:00,4935.0093,2018-08-05,0,Sunday,8
2018-08-05 01:00:00,4576.346,2018-08-05,1,Sunday,8
2018-08-05 02:00:00,4326.57,2018-08-05,2,Sunday,8
2018-08-05 03:00:00,4143.7617,2018-08-05,3,Sunday,8
2018-08-05 04:00:00,4026.2012,2018-08-05,4,Sunday,8
2018-08-05 05:00:00,3975.291,2018-08-05,5,Sunday,8
2018-08-05 06:00:00,3977.3713,2018-08-05,6,Sunday,8
2018-08-05 07:00:00,3970.6099,2018-08-05,7,Sunday,8
2018-08-05 08:00:00,4183.3164,2018-08-05,8,Sunday,8
2018-08-05 09:00:00,4556.0156,2018-08-05,9,Sunday,8
2018-08-05 10:00:00,4913.7686,2018-08-05,10,Sunday,8
2018-08-05 11:00:00,5241.143,2018-08-05,11,Sunday,8
2018-08-05 12:00:00,5519.4136,2018-08-05,12,Sunday,8
2018-08-05 13:00:00,5733.623,2018-08-05,13,Sunday,8
2018-08-05 14:00:00,5961.12,2018-08-05,14,Sunday,8
2018-08-05 15:00:00,6131.277,2018-08-05,15,Sunday,8
2018-08-05 16:00:00,6287.7256,2018-08-05,16,Sunday,8
2018-08-05 17:00:00,6458.066,2018-08-05,17,Sunday,8
2018-08-05 18:00:00,6519.419,2018-08-05,18,Sunday,8
2018-08-05 19:00:00,6439.59,2018-08-05,19,Sunday,8
2018-08-05 20:00:00,6246.7954,2018-08-05,20,Sunday,8
2018-08-05 21:00:00,6067.376,2018-08-05,21,Sunday,8
2018-08-05 22:00:00,5899.206,2018-08-05,22,Sunday,8
2018-08-05 23:00:00,5514.5103,2018-08-05,23,Sunday,8
2018-08-06 00:00:00,5071.5107,2018-08-06,0,Monday,8
2018-08-06 01:00:00,4717.3525,2018-08-06,1,Monday,8
2018-08-06 02:00:00,4497.054,2018-08-06,2,Monday,8
2018-08-06 03:00:00,4358.183,2018-08-06,3,Monday,8
2018-08-06 04:00:00,4267.8203,2018-08-06,4,Monday,8
2018-08-06 05:00:00,4259.988,2018-08-06,5,Monday,8
2018-08-06 06:00:00,4411.012,2018-08-06,6,Monday,8
2018-08-06 07:00:00,4687.157,2018-08-06,7,Monday,8
2018-08-06 08:00:00,4983.2314,2018-08-06,8,Monday,8
2018-08-06 09:00:00,5257.3257,2018-08-06,9,Monday,8
2018-08-06 10:00:00,5589.1235,2018-08-06,10,Monday,8
2018-08-06 11:00:00,5934.4307,2018-08-06,11,Monday,8
2018-08-06 12:00:00,6219.228,2018-08-06,12,Monday,8
2018-08-06 13:00:00,6479.888,2018-08-06,13,Monday,8
2018-08-06 14:00:00,6717.629,2018-08-06,14,Monday,8
2018-08-06 15:00:00,6855.2705,2018-08-06,15,Monday,8
2018-08-06 16:00:00,6954.8906,2018-08-06,16,Monday,8
2018-08-06 17:00:00,7080.0015,2018-08-06,17,Monday,8
2018-08-06 18:00:00,7095.036,2018-08-06,18,Monday,8
2018-08-06 19:00:00,7000.0654,2018-08-06,19,Monday,8
2018-08-06 20:00:00,6774.831,2018-08-06,20,Monday,8
2018-08-06 21:00:00,6618.0483,2018-08-06,21,Monday,8
2018-08-06 22:00:00,6432.297,2018-08-06,22,Monday,8
2018-08-06 23:00:00,5959.874,2018-08-06,23,Monday,8
2018-08-07 00:00:00,5457.7593,2018-08-07,0,Tuesday,8
2018-08-07 01:00:00,5066.9824,2018-08-07,1,Tuesday,8
2018-08-07 02:00:00,4796.651,2018-08-07,2,Tuesday,8
2018-08-07 03:00:00,4620.5845,2018-08-07,3,Tuesday,8
2018-08-07 04:00:00,4529.8438,2018-08-07,4,Tuesday,8
2018-08-07 05:00:00,4551.48,2018-08-07,5,Tuesday,8
2018-08-07 06:00:00,4735.0923,2018-08-07,6,Tuesday,8
2018-08-07 07:00:00,4996.645,2018-08-07,7,Tuesday,8
2018-08-07 08:00:00,5297.383,2018-08-07,8,Tuesday,8
2018-08-07 09:00:00,5585.504,2018-08-07,9,Tuesday,8
2018-08-07 10:00:00,5898.6064,2018-08-07,10,Tuesday,8
2018-08-07 11:00:00,6250.3193,2018-08-07,11,Tuesday,8
2018-08-07 12:00:00,6523.5127,2018-08-07,12,Tuesday,8
2018-08-07 13:00:00,6784.449,2018-08-07,13,Tuesday,8
2018-08-07 14:00:00,7008.51,2018-08-07,14,Tuesday,8
2018-08-07 15:00:00,7179.5464,2018-08-07,15,Tuesday,8
2018-08-07 16:00:00,7300.9443,2018-08-07,16,Tuesday,8
2018-08-07 17:00:00,7400.0547,2018-08-07,17,Tuesday,8
2018-08-07 18:00:00,7389.8784,2018-08-07,18,Tuesday,8
2018-08-07 19:00:00,7249.3457,2018-08-07,19,Tuesday,8
2018-08-07 20:00:00,7022.1504,2018-08-07,20,Tuesday,8
2018-08-07 21:00:00,6816.9243,2018-08-07,21,Tuesday,8
2018-08-07 22:00:00,6624.077,2018-08-07,22,Tuesday,8
2018-08-07 23:00:00,6129.209,2018-08-07,23,Tuesday,8
2018-08-08 00:00:00,5625.815,2018-08-08,0,Wednesday,8
2018-08-08 01:00:00,5214.18,2018-08-08,1,Wednesday,8
2018-08-08 02:00:00,4930.1323,2018-08-08,2,Wednesday,8
2018-08-08 03:00:00,4760.7466,2018-08-08,3,Wednesday,8
2018-08-08 04:00:00,4646.835,2018-08-08,4,Wednesday,8
2018-08-08 05:00:00,4649.501,2018-08-08,5,Wednesday,8
2018-08-08 06:00:00,4814.019,2018-08-08,6,Wednesday,8
2018-08-08 07:00:00,5095.5195,2018-08-08,7,Wednesday,8
2018-08-08 08:00:00,5410.811,2018-08-08,8,Wednesday,8
2018-08-08 09:00:00,5708.793,2018-08-08,9,Wednesday,8
2018-08-08 10:00:00,6008.2554,2018-08-08,10,Wednesday,8
2018-08-08 11:00:00,6343.5015,2018-08-08,11,Wednesday,8
2018-08-08 12:00:00,6675.2427,2018-08-08,12,Wednesday,8
2018-08-08 13:00:00,6951.6626,2018-08-08,13,Wednesday,8
2018-08-08 14:00:00,7165.1045,2018-08-08,14,Wednesday,8
2018-08-08 15:00:00,7306.005,2018-08-08,15,Wednesday,8
2018-08-08 16:00:00,7440.369,2018-08-08,16,Wednesday,8
2018-08-08 17:00:00,7529.015,2018-08-08,17,Wednesday,8
2018-08-08 18:00:00,7549.19,2018-08-08,18,Wednesday,8
2018-08-08 19:00:00,7405.1885,2018-08-08,19,Wednesday,8
2018-08-08 20:00:00,7185.387,2018-08-08,20,Wednesday,8
2018-08-08 21:00:00,6967.996,2018-08-08,21,Wednesday,8
2018-08-08 22:00:00,6753.02,2018-08-08,22,Wednesday,8
2018-08-08 23:00:00,6240.9443,2018-08-08,23,Wednesday,8
2018-08-09 00:00:00,5747.971,2018-08-09,0,Thursday,8
2018-08-09 01:00:00,5351.8916,2018-08-09,1,Thursday,8
2018-08-09 02:00:00,5053.3447,2018-08-09,2,Thursday,8
2018-08-09 03:00:00,4881.1978,2018-08-09,3,Thursday,8
2018-08-09 04:00:00,4778.9956,2018-08-09,4,Thursday,8
2018-08-09 05:00:00,4781.2397,2018-08-09,5,Thursday,8
2018-08-09 06:00:00,4955.8555,2018-08-09,6,Thursday,8
2018-08-09 07:00:00,5228.9233,2018-08-09,7,Thursday,8
2018-08-09 08:00:00,5532.7417,2018-08-09,8,Thursday,8
2018-08-09 09:00:00,5838.425,2018-08-09,9,Thursday,8
2018-08-09 10:00:00,6136.083,2018-08-09,10,Thursday,8
2018-08-09 11:00:00,6495.5835,2018-08-09,11,Thursday,8
2018-08-09 12:00:00,6790.437,2018-08-09,12,Thursday,8
2018-08-09 13:00:00,7036.176,2018-08-09,13,Thursday,8
2018-08-09 14:00:00,7242.3984,2018-08-09,14,Thursday,8
2018-08-09 15:00:00,7372.6963,2018-08-09,15,Thursday,8
2018-08-09 16:00:00,7466.63,2018-08-09,16,Thursday,8
2018-08-09 17:00:00,7538.142,2018-08-09,17,Thursday,8
2018-08-09 18:00:00,7511.578,2018-08-09,18,Thursday,8
2018-08-09 19:00:00,7383.8228,2018-08-09,19,Thursday,8
2018-08-09 20:00:00,7166.4165,2018-08-09,20,Thursday,8
2018-08-09 21:00:00,6951.041,2018-08-09,21,Thursday,8
2018-08-09 22:00:00,6748.8447,2018-08-09,22,Thursday,8
2018-08-09 23:00:00,6219.3423,2018-08-09,23,Thursday,8
2018-08-10 00:00:00,5713.5327,2018-08-10,0,Friday,8
2018-08-10 01:00:00,5288.2334,2018-08-10,1,Friday,8
2018-08-10 02:00:00,4982.0425,2018-08-10,2,Friday,8
2018-08-10 03:00:00,4814.713,2018-08-10,3,Friday,8
2018-08-10 04:00:00,4705.3145,2018-08-10,4,Friday,8
2018-08-10 05:00:00,4691.245,2018-08-10,5,Friday,8
2018-08-10 06:00:00,4855.6064,2018-08-10,6,Friday,8
2018-08-10 07:00:00,5144.846,2018-08-10,7,Friday,8
2018-08-10 08:00:00,5459.6104,2018-08-10,8,Friday,8
2018-08-10 09:00:00,5756.4365,2018-08-10,9,Friday,8
2018-08-10 10:00:00,6060.021,2018-08-10,10,Friday,8
2018-08-10 11:00:00,6386.4336,2018-08-10,11,Friday,8
2018-08-10 12:00:00,6664.081,2018-08-10,12,Friday,8
2018-08-10 13:00:00,6894.937,2018-08-10,13,Friday,8
2018-08-10 14:00:00,7087.788,2018-08-10,14,Friday,8
2018-08-10 15:00:00,7206.9717,2018-08-10,15,Friday,8
2018-08-10 16:00:00,7256.656,2018-08-10,16,Friday,8
2018-08-10 17:00:00,7291.506,2018-08-10,17,Friday,8
2018-08-10 18:00:00,7261.062,2018-08-10,18,Friday,8
2018-08-10 19:00:00,7092.7627,2018-08-10,19,Friday,8
2018-08-10 20:00:00,6820.342,2018-08-10,20,Friday,8
2018-08-10 21:00:00,6620.5703,2018-08-10,21,Friday,8
2018-08-10 22:00:00,6447.5054,2018-08-10,22,Friday,8
2018-08-10 23:00:00,5979.305,2018-08-10,23,Friday,8
2018-08-11 00:00:00,5476.251,2018-08-11,0,Saturday,8
2018-08-11 01:00:00,5061.075,2018-08-11,1,Saturday,8
2018-08-11 02:00:00,4740.4546,2018-08-11,2,Saturday,8
2018-08-11 03:00:00,4554.743,2018-08-11,3,Saturday,8
2018-08-11 04:00:00,4426.442,2018-08-11,4,Saturday,8
2018-08-11 05:00:00,4370.9253,2018-08-11,5,Saturday,8
2018-08-11 06:00:00,4410.2515,2018-08-11,6,Saturday,8
2018-08-11 07:00:00,4456.266,2018-08-11,7,Saturday,8
2018-08-11 08:00:00,4644.044,2018-08-11,8,Saturday,8
2018-08-11 09:00:00,5018.2646,2018-08-11,9,Saturday,8
2018-08-11 10:00:00,5396.3223,2018-08-11,10,Saturday,8
2018-08-11 11:00:00,5727.321,2018-08-11,11,Saturday,8
2018-08-11 12:00:00,5990.1865,2018-08-11,12,Saturday,8
2018-08-11 13:00:00,6186.8745,2018-08-11,13,Saturday,8
2018-08-11 14:00:00,6343.7173,2018-08-11,14,Saturday,8
2018-08-11 15:00:00,6449.3516,2018-08-11,15,Saturday,8
2018-08-11 16:00:00,6515.998,2018-08-11,16,Saturday,8
2018-08-11 17:00:00,6563.161,2018-08-11,17,Saturday,8
2018-08-11 18:00:00,6549.595,2018-08-11,18,Saturday,8
2018-08-11 19:00:00,6454.861,2018-08-11,19,Saturday,8
2018-08-11 20:00:00,6239.543,2018-08-11,20,Saturday,8
2018-08-11 21:00:00,6073.675,2018-08-11,21,Saturday,8
2018-08-11 22:00:00,5886.588,2018-08-11,22,Saturday,8
2018-08-11 23:00:00,5494.418,2018-08-11,23,Saturday,8
2018-08-12 00:00:00,5061.5815,2018-08-12,0,Sunday,8
2018-08-12 01:00:00,4676.0674,2018-08-12,1,Sunday,8
2018-08-12 02:00:00,4424.3574,2018-08-12,2,Sunday,8
2018-08-12 03:00:00,4256.0625,2018-08-12,3,Sunday,8
2018-08-12 04:00:00,4158.298,2018-08-12,4,Sunday,8
2018-08-12 05:00:00,4100.907,2018-08-12,5,Sunday,8
2018-08-12 06:00:00,4102.5454,2018-08-12,6,Sunday,8
2018-08-12 07:00:00,4102.882,2018-08-12,7,Sunday,8
2018-08-12 08:00:00,4300.157,2018-08-12,8,Sunday,8
2018-08-12 09:00:00,4703.711,2018-08-12,9,Sunday,8
2018-08-12 10:00:00,5097.1,2018-08-12,10,Sunday,8
2018-08-12 11:00:00,5424.2954,2018-08-12,11,Sunday,8
2018-08-12 12:00:00,5746.888,2018-08-12,12,Sunday,8
2018-08-12 13:00:00,6039.997,2018-08-12,13,Sunday,8
2018-08-12 14:00:00,6312.5317,2018-08-12,14,Sunday,8
2018-08-12 15:00:00,6491.73,2018-08-12,15,Sunday,8
2018-08-12 16:00:00,6663.81,2018-08-12,16,Sunday,8
2018-08-12 17:00:00,6822.904,2018-08-12,17,Sunday,8
2018-08-12 18:00:00,6927.59,2018-08-12,18,Sunday,8
2018-08-12 19:00:00,6838.4556,2018-08-12,19,Sunday,8
2018-08-12 20:00:00,6647.3965,2018-08-12,20,Sunday,8
2018-08-12 21:00:00,6448.05,2018-08-12,21,Sunday,8
2018-08-12 22:00:00,6234.0864,2018-08-12,22,Sunday,8
2018-08-12 23:00:00,5799.4897,2018-08-12,23,Sunday,8
2018-08-13 00:00:00,5330.3003,2018-08-13,0,Monday,8
2018-08-13 01:00:00,4949.711,2018-08-13,1,Monday,8
2018-08-13 02:00:00,4710.693,2018-08-13,2,Monday,8
2018-08-13 03:00:00,4539.453,2018-08-13,3,Monday,8
2018-08-13 04:00:00,4456.0986,2018-08-13,4,Monday,8
2018-08-13 05:00:00,4472.732,2018-08-13,5,Monday,8
2018-08-13 06:00:00,4629.509,2018-08-13,6,Monday,8
2018-08-13 07:00:00,4900.033,2018-08-13,7,Monday,8
2018-08-13 08:00:00,5222.123,2018-08-13,8,Monday,8
2018-08-13 09:00:00,5552.726,2018-08-13,9,Monday,8
2018-08-13 10:00:00,5932.3784,2018-08-13,10,Monday,8
2018-08-13 11:00:00,6340.948,2018-08-13,11,Monday,8
2018-08-13 12:00:00,6704.3384,2018-08-13,12,Monday,8
2018-08-13 13:00:00,7035.826,2018-08-13,13,Monday,8
2018-08-13 14:00:00,7288.9785,2018-08-13,14,Monday,8
2018-08-13 15:00:00,7486.9766,2018-08-13,15,Monday,8
2018-08-13 16:00:00,7574.8794,2018-08-13,16,Monday,8
2018-08-13 17:00:00,7697.303,2018-08-13,17,Monday,8
2018-08-13 18:00:00,7739.3438,2018-08-13,18,Monday,8
2018-08-13 19:00:00,7615.4663,2018-08-13,19,Monday,8
2018-08-13 20:00:00,7354.5386,2018-08-13,20,Monday,8
2018-08-13 21:00:00,7124.92,2018-08-13,21,Monday,8
2018-08-13 22:00:00,6928.5186,2018-08-13,22,Monday,8
2018-08-13 23:00:00,6430.2183,2018-08-13,23,Monday,8
2018-08-14 00:00:00,5900.3545,2018-08-14,0,Tuesday,8
2018-08-14 01:00:00,5453.0786,2018-08-14,1,Tuesday,8
2018-08-14 02:00:00,5151.7656,2018-08-14,2,Tuesday,8
2018-08-14 03:00:00,4965.532,2018-08-14,3,Tuesday,8
2018-08-14 04:00:00,4837.031,2018-08-14,4,Tuesday,8
2018-08-14 05:00:00,4825.412,2018-08-14,5,Tuesday,8
2018-08-14 06:00:00,4985.8813,2018-08-14,6,Tuesday,8
2018-08-14 07:00:00,5229.634,2018-08-14,7,Tuesday,8
2018-08-14 08:00:00,5539.241,2018-08-14,8,Tuesday,8
2018-08-14 09:00:00,5865.7407,2018-08-14,9,Tuesday,8
2018-08-14 10:00:00,6210.2026,2018-08-14,10,Tuesday,8
2018-08-14 11:00:00,6578.639,2018-08-14,11,Tuesday,8
2018-08-14 12:00:00,6898.2725,2018-08-14,12,Tuesday,8
2018-08-14 13:00:00,7162.189,2018-08-14,13,Tuesday,8
2018-08-14 14:00:00,7402.1826,2018-08-14,14,Tuesday,8
2018-08-14 15:00:00,7526.5557,2018-08-14,15,Tuesday,8
2018-08-14 16:00:00,7619.0337,2018-08-14,16,Tuesday,8
2018-08-14 17:00:00,7654.4897,2018-08-14,17,Tuesday,8
2018-08-14 18:00:00,7628.9043,2018-08-14,18,Tuesday,8
2018-08-14 19:00:00,7515.3594,2018-08-14,19,Tuesday,8
2018-08-14 20:00:00,7281.068,2018-08-14,20,Tuesday,8
2018-08-14 21:00:00,7045.9414,2018-08-14,21,Tuesday,8
2018-08-14 22:00:00,6823.377,2018-08-14,22,Tuesday,8
2018-08-14 23:00:00,6298.363,2018-08-14,23,Tuesday,8
2018-08-15 00:00:00,5782.3965,2018-08-15,0,Wednesday,8
2018-08-15 01:00:00,5358.824,2018-08-15,1,Wednesday,8
2018-08-15 02:00:00,5064.756,2018-08-15,2,Wednesday,8
2018-08-15 03:00:00,4886.432,2018-08-15,3,Wednesday,8
2018-08-15 04:00:00,4782.458,2018-08-15,4,Wednesday,8
2018-08-15 05:00:00,4780.847,2018-08-15,5,Wednesday,8
2018-08-15 06:00:00,4947.319,2018-08-15,6,Wednesday,8
2018-08-15 07:00:00,5208.8413,2018-08-15,7,Wednesday,8
2018-08-15 08:00:00,5504.5117,2018-08-15,8,Wednesday,8
2018-08-15 09:00:00,5826.4473,2018-08-15,9,Wednesday,8
2018-08-15 10:00:00,6150.2554,2018-08-15,10,Wednesday,8
2018-08-15 11:00:00,6502.8916,2018-08-15,11,Wednesday,8
2018-08-15 12:00:00,6850.764,2018-08-15,12,Wednesday,8
2018-08-15 13:00:00,7146.1436,2018-08-15,13,Wednesday,8
2018-08-15 14:00:00,7431.817,2018-08-15,14,Wednesday,8
2018-08-15 15:00:00,7612.335,2018-08-15,15,Wednesday,8
2018-08-15 16:00:00,7721.0215,2018-08-15,16,Wednesday,8
2018-08-15 17:00:00,7810.851,2018-08-15,17,Wednesday,8
2018-08-15 18:00:00,7815.434,2018-08-15,18,Wednesday,8
2018-08-15 19:00:00,7708.7656,2018-08-15,19,Wednesday,8
2018-08-15 20:00:00,7492.263,2018-08-15,20,Wednesday,8
2018-08-15 21:00:00,7259.6543,2018-08-15,21,Wednesday,8
2018-08-15 22:00:00,7032.0234,2018-08-15,22,Wednesday,8
2018-08-15 23:00:00,6484.5996,2018-08-15,23,Wednesday,8
2018-08-16 00:00:00,5943.402,2018-08-16,0,Thursday,8
2018-08-16 01:00:00,5506.896,2018-08-16,1,Thursday,8
2018-08-16 02:00:00,5209.6455,2018-08-16,2,Thursday,8
2018-08-16 03:00:00,5019.904,2018-08-16,3,Thursday,8
2018-08-16 04:00:00,4902.207,2018-08-16,4,Thursday,8
2018-08-16 05:00:00,4896.968,2018-08-16,5,Thursday,8
2018-08-16 06:00:00,5044.4307,2018-08-16,6,Thursday,8
2018-08-16 07:00:00,5303.9194,2018-08-16,7,Thursday,8
2018-08-16 08:00:00,5605.8247,2018-08-16,8,Thursday,8
2018-08-16 09:00:00,5918.049,2018-08-16,9,Thursday,8
2018-08-16 10:00:00,6237.9023,2018-08-16,10,Thursday,8
2018-08-16 11:00:00,6589.6685,2018-08-16,11,Thursday,8
2018-08-16 12:00:00,6939.1177,2018-08-16,12,Thursday,8
2018-08-16 13:00:00,7254.3213,2018-08-16,13,Thursday,8
2018-08-16 14:00:00,7524.377,2018-08-16,14,Thursday,8
2018-08-16 15:00:00,7709.075,2018-08-16,15,Thursday,8
2018-08-16 16:00:00,7847.665,2018-08-16,16,Thursday,8
2018-08-16 17:00:00,7890.445,2018-08-16,17,Thursday,8
2018-08-16 18:00:00,7924.613,2018-08-16,18,Thursday,8
2018-08-16 19:00:00,7780.568,2018-08-16,19,Thursday,8
2018-08-16 20:00:00,7619.5366,2018-08-16,20,Thursday,8
2018-08-16 21:00:00,7389.7905,2018-08-16,21,Thursday,8
2018-08-16 22:00:00,7157.344,2018-08-16,22,Thursday,8
2018-08-16 23:00:00,6633.533,2018-08-16,23,Thursday,8
2018-08-17 00:00:00,6075.628,2018-08-17,0,Friday,8
2018-08-17 01:00:00,5628.352,2018-08-17,1,Friday,8
2018-08-17 02:00:00,5324.611,2018-08-17,2,Friday,8
2018-08-17 03:00:00,5118.7427,2018-08-17,3,Friday,8
2018-08-17 04:00:00,4994.9854,2018-08-17,4,Friday,8
2018-08-17 05:00:00,4977.593,2018-08-17,5,Friday,8
2018-08-17 06:00:00,5137.288,2018-08-17,6,Friday,8
2018-08-17 07:00:00,5421.664,2018-08-17,7,Friday,8
2018-08-17 08:00:00,5761.0303,2018-08-17,8,Friday,8
2018-08-17 09:00:00,6100.31,2018-08-17,9,Friday,8
2018-08-17 10:00:00,6465.523,2018-08-17,10,Friday,8
2018-08-17 11:00:00,6838.898,2018-08-17,11,Friday,8
2018-08-17 12:00:00,7195.479,2018-08-17,12,Friday,8
2018-08-17 13:00:00,7451.857,2018-08-17,13,Friday,8
2018-08-17 14:00:00,7685.0557,2018-08-17,14,Friday,8
2018-08-17 15:00:00,7767.031,2018-08-17,15,Friday,8
2018-08-17 16:00:00,7869.8984,2018-08-17,16,Friday,8
2018-08-17 17:00:00,7953.5557,2018-08-17,17,Friday,8
2018-08-17 18:00:00,7899.394,2018-08-17,18,Friday,8
2018-08-17 19:00:00,7751.171,2018-08-17,19,Friday,8
2018-08-17 20:00:00,7493.375,2018-08-17,20,Friday,8
2018-08-17 21:00:00,7283.5894,2018-08-17,21,Friday,8
2018-08-17 22:00:00,7059.972,2018-08-17,22,Friday,8
2018-08-17 23:00:00,6584.425,2018-08-17,23,Friday,8
2018-08-18 00:00:00,6055.1235,2018-08-18,0,Saturday,8
2018-08-18 01:00:00,5587.635,2018-08-18,1,Saturday,8
2018-08-18 02:00:00,5257.526,2018-08-18,2,Saturday,8
2018-08-18 03:00:00,5032.4976,2018-08-18,3,Saturday,8
2018-08-18 04:00:00,4859.1206,2018-08-18,4,Saturday,8
2018-08-18 05:00:00,4793.678,2018-08-18,5,Saturday,8
2018-08-18 06:00:00,4829.379,2018-08-18,6,Saturday,8
2018-08-18 07:00:00,4921.892,2018-08-18,7,Saturday,8
2018-08-18 08:00:00,5142.385,2018-08-18,8,Saturday,8
2018-08-18 09:00:00,5533.105,2018-08-18,9,Saturday,8
2018-08-18 10:00:00,6028.803,2018-08-18,10,Saturday,8
2018-08-18 11:00:00,6401.183,2018-08-18,11,Saturday,8
2018-08-18 12:00:00,6706.3667,2018-08-18,12,Saturday,8
2018-08-18 13:00:00,6982.636,2018-08-18,13,Saturday,8
2018-08-18 14:00:00,7170.847,2018-08-18,14,Saturday,8
2018-08-18 15:00:00,7241.5894,2018-08-18,15,Saturday,8
2018-08-18 16:00:00,7288.0435,2018-08-18,16,Saturday,8
2018-08-18 17:00:00,7350.5967,2018-08-18,17,Saturday,8
2018-08-18 18:00:00,7324.033,2018-08-18,18,Saturday,8
2018-08-18 19:00:00,7183.7554,2018-08-18,19,Saturday,8
2018-08-18 20:00:00,6957.317,2018-08-18,20,Saturday,8
2018-08-18 21:00:00,6775.992,2018-08-18,21,Saturday,8
2018-08-18 22:00:00,6589.7285,2018-08-18,22,Saturday,8
2018-08-18 23:00:00,6133.3,2018-08-18,23,Saturday,8
2018-08-19 00:00:00,5637.3843,2018-08-19,0,Sunday,8
2018-08-19 01:00:00,5224.696,2018-08-19,1,Sunday,8
2018-08-19 02:00:00,4934.4697,2018-08-19,2,Sunday,8
2018-08-19 03:00:00,4718.9365,2018-08-19,3,Sunday,8
2018-08-19 04:00:00,4563.007,2018-08-19,4,Sunday,8
2018-08-19 05:00:00,4496.6587,2018-08-19,5,Sunday,8
2018-08-19 06:00:00,4479.1304,2018-08-19,6,Sunday,8
2018-08-19 07:00:00,4472.93,2018-08-19,7,Sunday,8
2018-08-19 08:00:00,4670.311,2018-08-19,8,Sunday,8
2018-08-19 09:00:00,5097.724,2018-08-19,9,Sunday,8
2018-08-19 10:00:00,5522.153,2018-08-19,10,Sunday,8
2018-08-19 11:00:00,5904.323,2018-08-19,11,Sunday,8
2018-08-19 12:00:00,6185.3877,2018-08-19,12,Sunday,8
2018-08-19 13:00:00,6367.5625,2018-08-19,13,Sunday,8
2018-08-19 14:00:00,6540.5117,2018-08-19,14,Sunday,8
2018-08-19 15:00:00,6675.2524,2018-08-19,15,Sunday,8
2018-08-19 16:00:00,6776.4033,2018-08-19,16,Sunday,8
2018-08-19 17:00:00,6872.1357,2018-08-19,17,Sunday,8
2018-08-19 18:00:00,6881.278,2018-08-19,18,Sunday,8
2018-08-19 19:00:00,6755.1797,2018-08-19,19,Sunday,8
2018-08-19 20:00:00,6557.309,2018-08-19,20,Sunday,8
2018-08-19 21:00:00,6416.302,2018-08-19,21,Sunday,8
2018-08-19 22:00:00,6245.142,2018-08-19,22,Sunday,8
2018-08-19 23:00:00,5854.6523,2018-08-19,23,Sunday,8
2018-08-20 00:00:00,5424.588,2018-08-20,0,Monday,8
2018-08-20 01:00:00,5074.6187,2018-08-20,1,Monday,8
2018-08-20 02:00:00,4843.9604,2018-08-20,2,Monday,8
2018-08-20 03:00:00,4679.4673,2018-08-20,3,Monday,8
2018-08-20 04:00:00,4596.2036,2018-08-20,4,Monday,8
2018-08-20 05:00:00,4601.0884,2018-08-20,5,Monday,8
2018-08-20 06:00:00,4781.7837,2018-08-20,6,Monday,8
2018-08-20 07:00:00,5095.4404,2018-08-20,7,Monday,8
2018-08-20 08:00:00,5444.545,2018-08-20,8,Monday,8
2018-08-20 09:00:00,5795.038,2018-08-20,9,Monday,8
2018-08-20 10:00:00,6125.267,2018-08-20,10,Monday,8
2018-08-20 11:00:00,6476.661,2018-08-20,11,Monday,8
2018-08-20 12:00:00,6782.0347,2018-08-20,12,Monday,8
2018-08-20 13:00:00,7048.731,2018-08-20,13,Monday,8
2018-08-20 14:00:00,7263.369,2018-08-20,14,Monday,8
2018-08-20 15:00:00,7394.6797,2018-08-20,15,Monday,8
2018-08-20 16:00:00,7479.973,2018-08-20,16,Monday,8
2018-08-20 17:00:00,7571.4707,2018-08-20,17,Monday,8
2018-08-20 18:00:00,7608.2407,2018-08-20,18,Monday,8
2018-08-20 19:00:00,7460.2393,2018-08-20,19,Monday,8
2018-08-20 20:00:00,7192.0625,2018-08-20,20,Monday,8
2018-08-20 21:00:00,6952.4575,2018-08-20,21,Monday,8
2018-08-20 22:00:00,6715.629,2018-08-20,22,Monday,8
2018-08-20 23:00:00,6201.066,2018-08-20,23,Monday,8
2018-08-21 00:00:00,5667.219,2018-08-21,0,Tuesday,8
2018-08-21 01:00:00,5243.7817,2018-08-21,1,Tuesday,8
2018-08-21 02:00:00,4954.0547,2018-08-21,2,Tuesday,8
2018-08-21 03:00:00,4769.9062,2018-08-21,3,Tuesday,8
2018-08-21 04:00:00,4660.9927,2018-08-21,4,Tuesday,8
2018-08-21 05:00:00,4654.1167,2018-08-21,5,Tuesday,8
2018-08-21 06:00:00,4791.3315,2018-08-21,6,Tuesday,8
2018-08-21 07:00:00,5071.603,2018-08-21,7,Tuesday,8
2018-08-21 08:00:00,5384.3647,2018-08-21,8,Tuesday,8
2018-08-21 09:00:00,5660.856,2018-08-21,9,Tuesday,8
2018-08-21 10:00:00,5947.7173,2018-08-21,10,Tuesday,8
2018-08-21 11:00:00,6238.7075,2018-08-21,11,Tuesday,8
2018-08-21 12:00:00,6500.4775,2018-08-21,12,Tuesday,8
2018-08-21 13:00:00,6754.927,2018-08-21,13,Tuesday,8
2018-08-21 14:00:00,6982.547,2018-08-21,14,Tuesday,8
2018-08-21 15:00:00,7135.3545,2018-08-21,15,Tuesday,8
2018-08-21 16:00:00,7200.64,2018-08-21,16,Tuesday,8
2018-08-21 17:00:00,7246.0796,2018-08-21,17,Tuesday,8
2018-08-21 18:00:00,7234.615,2018-08-21,18,Tuesday,8
2018-08-21 19:00:00,7044.7676,2018-08-21,19,Tuesday,8
2018-08-21 20:00:00,6785.9,2018-08-21,20,Tuesday,8
2018-08-21 21:00:00,6622.2666,2018-08-21,21,Tuesday,8
2018-08-21 22:00:00,6444.7065,2018-08-21,22,Tuesday,8
2018-08-21 23:00:00,5942.2617,2018-08-21,23,Tuesday,8
2018-08-22 00:00:00,5427.765,2018-08-22,0,Wednesday,8
2018-08-22 01:00:00,5042.7896,2018-08-22,1,Wednesday,8
2018-08-22 02:00:00,4750.484,2018-08-22,2,Wednesday,8
2018-08-22 03:00:00,4584.157,2018-08-22,3,Wednesday,8
2018-08-22 04:00:00,4486.756,2018-08-22,4,Wednesday,8
2018-08-22 05:00:00,4484.8354,2018-08-22,5,Wednesday,8
2018-08-22 06:00:00,4644.7183,2018-08-22,6,Wednesday,8
2018-08-22 07:00:00,4892.444,2018-08-22,7,Wednesday,8
2018-08-22 08:00:00,5172.225,2018-08-22,8,Wednesday,8
2018-08-22 09:00:00,5444.6724,2018-08-22,9,Wednesday,8
2018-08-22 10:00:00,5734.799,2018-08-22,10,Wednesday,8
2018-08-22 11:00:00,6048.408,2018-08-22,11,Wednesday,8
2018-08-22 12:00:00,6315.636,2018-08-22,12,Wednesday,8
2018-08-22 13:00:00,6542.5376,2018-08-22,13,Wednesday,8
2018-08-22 14:00:00,6720.3955,2018-08-22,14,Wednesday,8
2018-08-22 15:00:00,6876.269,2018-08-22,15,Wednesday,8
2018-08-22 16:00:00,6951.3706,2018-08-22,16,Wednesday,8
2018-08-22 17:00:00,7023.4526,2018-08-22,17,Wednesday,8
2018-08-22 18:00:00,7036.0713,2018-08-22,18,Wednesday,8
2018-08-22 19:00:00,6907.2607,2018-08-22,19,Wednesday,8
2018-08-22 20:00:00,6690.6675,2018-08-22,20,Wednesday,8
2018-08-22 21:00:00,6529.488,2018-08-22,21,Wednesday,8
2018-08-22 22:00:00,6343.0625,2018-08-22,22,Wednesday,8
2018-08-22 23:00:00,5871.739,2018-08-22,23,Wednesday,8
2018-08-23 00:00:00,5380.726,2018-08-23,0,Thursday,8
2018-08-23 01:00:00,5009.8174,2018-08-23,1,Thursday,8
2018-08-23 02:00:00,4735.262,2018-08-23,2,Thursday,8
2018-08-23 03:00:00,4575.2036,2018-08-23,3,Thursday,8
2018-08-23 04:00:00,4494.2026,2018-08-23,4,Thursday,8
2018-08-23 05:00:00,4484.411,2018-08-23,5,Thursday,8
2018-08-23 06:00:00,4652.399,2018-08-23,6,Thursday,8
2018-08-23 07:00:00,4890.74,2018-08-23,7,Thursday,8
2018-08-23 08:00:00,5174.8647,2018-08-23,8,Thursday,8
2018-08-23 09:00:00,5435.1006,2018-08-23,9,Thursday,8
2018-08-23 10:00:00,5683.6567,2018-08-23,10,Thursday,8
2018-08-23 11:00:00,5970.7974,2018-08-23,11,Thursday,8
2018-08-23 12:00:00,6215.1084,2018-08-23,12,Thursday,8
2018-08-23 13:00:00,6415.296,2018-08-23,13,Thursday,8
2018-08-23 14:00:00,6615.4355,2018-08-23,14,Thursday,8
2018-08-23 15:00:00,6773.3896,2018-08-23,15,Thursday,8
2018-08-23 16:00:00,6891.6865,2018-08-23,16,Thursday,8
2018-08-23 17:00:00,6971.001,2018-08-23,17,Thursday,8
2018-08-23 18:00:00,6984.587,2018-08-23,18,Thursday,8
2018-08-23 19:00:00,6882.555,2018-08-23,19,Thursday,8
2018-08-23 20:00:00,6679.5903,2018-08-23,20,Thursday,8
2018-08-23 21:00:00,6530.419,2018-08-23,21,Thursday,8
2018-08-23 22:00:00,6336.59,2018-08-23,22,Thursday,8
2018-08-23 23:00:00,5887.5117,2018-08-23,23,Thursday,8
2018-08-24 00:00:00,5377.0938,2018-08-24,0,Friday,8
2018-08-24 01:00:00,5006.0713,2018-08-24,1,Friday,8
2018-08-24 02:00:00,4728.0737,2018-08-24,2,Friday,8
2018-08-24 03:00:00,4546.482,2018-08-24,3,Friday,8
2018-08-24 04:00:00,4468.1865,2018-08-24,4,Friday,8
2018-08-24 05:00:00,4468.849,2018-08-24,5,Friday,8
2018-08-24 06:00:00,4601.1523,2018-08-24,6,Friday,8
2018-08-24 07:00:00,4829.757,2018-08-24,7,Friday,8
2018-08-24 08:00:00,5104.5293,2018-08-24,8,Friday,8
2018-08-24 09:00:00,5359.0903,2018-08-24,9,Friday,8
2018-08-24 10:00:00,5644.318,2018-08-24,10,Friday,8
2018-08-24 11:00:00,5941.247,2018-08-24,11,Friday,8
2018-08-24 12:00:00,6172.0693,2018-08-24,12,Friday,8
2018-08-24 13:00:00,6342.345,2018-08-24,13,Friday,8
2018-08-24 14:00:00,6544.121,2018-08-24,14,Friday,8
2018-08-24 15:00:00,6669.23,2018-08-24,15,Friday,8
2018-08-24 16:00:00,6774.0703,2018-08-24,16,Friday,8
2018-08-24 17:00:00,6863.722,2018-08-24,17,Friday,8
2018-08-24 18:00:00,6854.7925,2018-08-24,18,Friday,8
2018-08-24 19:00:00,6681.8438,2018-08-24,19,Friday,8
2018-08-24 20:00:00,6426.826,2018-08-24,20,Friday,8
2018-08-24 21:00:00,6236.5513,2018-08-24,21,Friday,8
2018-08-24 22:00:00,6044.262,2018-08-24,22,Friday,8
2018-08-24 23:00:00,5638.8154,2018-08-24,23,Friday,8
2018-08-25 00:00:00,5192.549,2018-08-25,0,Saturday,8
2018-08-25 01:00:00,4810.047,2018-08-25,1,Saturday,8
2018-08-25 02:00:00,4554.5225,2018-08-25,2,Saturday,8
2018-08-25 03:00:00,4397.06,2018-08-25,3,Saturday,8
2018-08-25 04:00:00,4293.687,2018-08-25,4,Saturday,8
2018-08-25 05:00:00,4268.153,2018-08-25,5,Saturday,8
2018-08-25 06:00:00,4302.0347,2018-08-25,6,Saturday,8
2018-08-25 07:00:00,4353.976,2018-08-25,7,Saturday,8
2018-08-25 08:00:00,4570.078,2018-08-25,8,Saturday,8
2018-08-25 09:00:00,4930.8325,2018-08-25,9,Saturday,8
2018-08-25 10:00:00,5270.677,2018-08-25,10,Saturday,8
2018-08-25 11:00:00,5593.1367,2018-08-25,11,Saturday,8
2018-08-25 12:00:00,5877.7153,2018-08-25,12,Saturday,8
2018-08-25 13:00:00,6114.2686,2018-08-25,13,Saturday,8
2018-08-25 14:00:00,6318.395,2018-08-25,14,Saturday,8
2018-08-25 15:00:00,6464.8564,2018-08-25,15,Saturday,8
2018-08-25 16:00:00,6591.281,2018-08-25,16,Saturday,8
2018-08-25 17:00:00,6710.203,2018-08-25,17,Saturday,8
2018-08-25 18:00:00,6777.7373,2018-08-25,18,Saturday,8
2018-08-25 19:00:00,6664.829,2018-08-25,19,Saturday,8
2018-08-25 20:00:00,6407.057,2018-08-25,20,Saturday,8
2018-08-25 21:00:00,6205.1724,2018-08-25,21,Saturday,8
2018-08-25 22:00:00,6033.878,2018-08-25,22,Saturday,8
2018-08-25 23:00:00,5648.6343,2018-08-25,23,Saturday,8
2018-08-26 00:00:00,5217.1016,2018-08-26,0,Sunday,8
2018-08-26 01:00:00,4853.4844,2018-08-26,1,Sunday,8
2018-08-26 02:00:00,4605.4146,2018-08-26,2,Sunday,8
2018-08-26 03:00:00,4426.0864,2018-08-26,3,Sunday,8
2018-08-26 04:00:00,4298.3247,2018-08-26,4,Sunday,8
2018-08-26 05:00:00,4232.421,2018-08-26,5,Sunday,8
2018-08-26 06:00:00,4224.664,2018-08-26,6,Sunday,8
2018-08-26 07:00:00,4231.4966,2018-08-26,7,Sunday,8
2018-08-26 08:00:00,4425.785,2018-08-26,8,Sunday,8
2018-08-26 09:00:00,4805.004,2018-08-26,9,Sunday,8
2018-08-26 10:00:00,5223.0776,2018-08-26,10,Sunday,8
2018-08-26 11:00:00,5617.303,2018-08-26,11,Sunday,8
2018-08-26 12:00:00,6019.453,2018-08-26,12,Sunday,8
2018-08-26 13:00:00,6342.2715,2018-08-26,13,Sunday,8
2018-08-26 14:00:00,6582.432,2018-08-26,14,Sunday,8
2018-08-26 15:00:00,6729.4004,2018-08-26,15,Sunday,8
2018-08-26 16:00:00,6850.29,2018-08-26,16,Sunday,8
2018-08-26 17:00:00,6983.808,2018-08-26,17,Sunday,8
2018-08-26 18:00:00,7041.34,2018-08-26,18,Sunday,8
2018-08-26 19:00:00,6948.6274,2018-08-26,19,Sunday,8
2018-08-26 20:00:00,6726.404,2018-08-26,20,Sunday,8
2018-08-26 21:00:00,6554.4473,2018-08-26,21,Sunday,8
2018-08-26 22:00:00,6400.171,2018-08-26,22,Sunday,8
2018-08-26 23:00:00,5941.954,2018-08-26,23,Sunday,8
2018-08-27 00:00:00,5464.7285,2018-08-27,0,Monday,8
2018-08-27 01:00:00,5092.7007,2018-08-27,1,Monday,8
2018-08-27 02:00:00,4845.56,2018-08-27,2,Monday,8
2018-08-27 03:00:00,4688.2876,2018-08-27,3,Monday,8
2018-08-27 04:00:00,4603.6104,2018-08-27,4,Monday,8
2018-08-27 05:00:00,4603.2207,2018-08-27,5,Monday,8
2018-08-27 06:00:00,4778.28,2018-08-27,6,Monday,8
2018-08-27 07:00:00,5071.354,2018-08-27,7,Monday,8
2018-08-27 08:00:00,5442.2017,2018-08-27,8,Monday,8
2018-08-27 09:00:00,5821.513,2018-08-27,9,Monday,8
2018-08-27 10:00:00,6254.832,2018-08-27,10,Monday,8
2018-08-27 11:00:00,6660.8257,2018-08-27,11,Monday,8
2018-08-27 12:00:00,7061.6084,2018-08-27,12,Monday,8
2018-08-27 13:00:00,7342.6987,2018-08-27,13,Monday,8
2018-08-27 14:00:00,7572.409,2018-08-27,14,Monday,8
2018-08-27 15:00:00,7739.8564,2018-08-27,15,Monday,8
2018-08-27 16:00:00,7819.7603,2018-08-27,16,Monday,8
2018-08-27 17:00:00,7883.204,2018-08-27,17,Monday,8
2018-08-27 18:00:00,7934.752,2018-08-27,18,Monday,8
2018-08-27 19:00:00,7780.7603,2018-08-27,19,Monday,8
2018-08-27 20:00:00,7594.7227,2018-08-27,20,Monday,8
2018-08-27 21:00:00,7356.0386,2018-08-27,21,Monday,8
2018-08-27 22:00:00,7070.1333,2018-08-27,22,Monday,8
2018-08-27 23:00:00,6512.211,2018-08-27,23,Monday,8
2018-08-28 00:00:00,5956.446,2018-08-28,0,Tuesday,8
2018-08-28 01:00:00,5519.323,2018-08-28,1,Tuesday,8
2018-08-28 02:00:00,5200.9473,2018-08-28,2,Tuesday,8
2018-08-28 03:00:00,5023.4395,2018-08-28,3,Tuesday,8
2018-08-28 04:00:00,4900.0625,2018-08-28,4,Tuesday,8
2018-08-28 05:00:00,4899.1714,2018-08-28,5,Tuesday,8
2018-08-28 06:00:00,5046.1826,2018-08-28,6,Tuesday,8
2018-08-28 07:00:00,5310.3105,2018-08-28,7,Tuesday,8
2018-08-28 08:00:00,5628.452,2018-08-28,8,Tuesday,8
2018-08-28 09:00:00,5952.7817,2018-08-28,9,Tuesday,8
2018-08-28 10:00:00,6278.0444,2018-08-28,10,Tuesday,8
2018-08-28 11:00:00,6631.5693,2018-08-28,11,Tuesday,8
2018-08-28 12:00:00,6949.9644,2018-08-28,12,Tuesday,8
2018-08-28 13:00:00,7260.544,2018-08-28,13,Tuesday,8
2018-08-28 14:00:00,7504.791,2018-08-28,14,Tuesday,8
2018-08-28 15:00:00,7646.577,2018-08-28,15,Tuesday,8
2018-08-28 16:00:00,7739.7173,2018-08-28,16,Tuesday,8
2018-08-28 17:00:00,7739.911,2018-08-28,17,Tuesday,8
2018-08-28 18:00:00,7651.9795,2018-08-28,18,Tuesday,8
2018-08-28 19:00:00,7515.355,2018-08-28,19,Tuesday,8
2018-08-28 20:00:00,7304.9526,2018-08-28,20,Tuesday,8
2018-08-28 21:00:00,7084.072,2018-08-28,21,Tuesday,8
2018-08-28 22:00:00,6840.069,2018-08-28,22,Tuesday,8
2018-08-28 23:00:00,6337.2505,2018-08-28,23,Tuesday,8
2018-08-29 00:00:00,5820.3677,2018-08-29,0,Wednesday,8
2018-08-29 01:00:00,5403.445,2018-08-29,1,Wednesday,8
2018-08-29 02:00:00,5117.685,2018-08-29,2,Wednesday,8
2018-08-29 03:00:00,4944.771,2018-08-29,3,Wednesday,8
2018-08-29 04:00:00,4829.7407,2018-08-29,4,Wednesday,8
2018-08-29 05:00:00,4829.0215,2018-08-29,5,Wednesday,8
2018-08-29 06:00:00,5001.551,2018-08-29,6,Wednesday,8
2018-08-29 07:00:00,5275.374,2018-08-29,7,Wednesday,8
2018-08-29 08:00:00,5576.3857,2018-08-29,8,Wednesday,8
2018-08-29 09:00:00,5873.0215,2018-08-29,9,Wednesday,8
2018-08-29 10:00:00,6183.5815,2018-08-29,10,Wednesday,8
2018-08-29 11:00:00,6513.6987,2018-08-29,11,Wednesday,8
2018-08-29 12:00:00,6819.657,2018-08-29,12,Wednesday,8
2018-08-29 13:00:00,7093.1006,2018-08-29,13,Wednesday,8
2018-08-29 14:00:00,7348.9736,2018-08-29,14,Wednesday,8
2018-08-29 15:00:00,7482.1875,2018-08-29,15,Wednesday,8
2018-08-29 16:00:00,7569.7427,2018-08-29,16,Wednesday,8
2018-08-29 17:00:00,7647.8228,2018-08-29,17,Wednesday,8
2018-08-29 18:00:00,7627.0728,2018-08-29,18,Wednesday,8
2018-08-29 19:00:00,7512.085,2018-08-29,19,Wednesday,8
2018-08-29 20:00:00,7288.2114,2018-08-29,20,Wednesday,8
2018-08-29 21:00:00,7102.226,2018-08-29,21,Wednesday,8
2018-08-29 22:00:00,6872.983,2018-08-29,22,Wednesday,8
2018-08-29 23:00:00,6358.4067,2018-08-29,23,Wednesday,8
2018-08-30 00:00:00,5832.0527,2018-08-30,0,Thursday,8
2018-08-30 01:00:00,5393.036,2018-08-30,1,Thursday,8
2018-08-30 02:00:00,5102.27,2018-08-30,2,Thursday,8
2018-08-30 03:00:00,4910.094,2018-08-30,3,Thursday,8
2018-08-30 04:00:00,4802.0547,2018-08-30,4,Thursday,8
2018-08-30 05:00:00,4813.9155,2018-08-30,5,Thursday,8
2018-08-30 06:00:00,4988.6606,2018-08-30,6,Thursday,8
2018-08-30 07:00:00,5261.284,2018-08-30,7,Thursday,8
2018-08-30 08:00:00,5563.4595,2018-08-30,8,Thursday,8
2018-08-30 09:00:00,5852.709,2018-08-30,9,Thursday,8
2018-08-30 10:00:00,6158.2007,2018-08-30,10,Thursday,8
2018-08-30 11:00:00,6504.1753,2018-08-30,11,Thursday,8
2018-08-30 12:00:00,6829.818,2018-08-30,12,Thursday,8
2018-08-30 13:00:00,7080.718,2018-08-30,13,Thursday,8
2018-08-30 14:00:00,7275.6294,2018-08-30,14,Thursday,8
2018-08-30 15:00:00,7382.7646,2018-08-30,15,Thursday,8
2018-08-30 16:00:00,7447.6865,2018-08-30,16,Thursday,8
2018-08-30 17:00:00,7473.1465,2018-08-30,17,Thursday,8
2018-08-30 18:00:00,7453.0596,2018-08-30,18,Thursday,8
2018-08-30 19:00:00,7267.811,2018-08-30,19,Thursday,8
2018-08-30 20:00:00,7039.274,2018-08-30,20,Thursday,8
2018-08-30 21:00:00,6849.6577,2018-08-30,21,Thursday,8
2018-08-30 22:00:00,6647.434,2018-08-30,22,Thursday,8
2018-08-30 23:00:00,6099.012,2018-08-30,23,Thursday,8
2018-08-31 00:00:00,5568.3857,2018-08-31,0,Friday,8
2018-08-31 01:00:00,5157.9565,2018-08-31,1,Friday,8
2018-08-31 02:00:00,4860.8545,2018-08-31,2,Friday,8
2018-08-31 03:00:00,4693.5674,2018-08-31,3,Friday,8
2018-08-31 04:00:00,4606.03,2018-08-31,4,Friday,8
2018-08-31 05:00:00,4603.975,2018-08-31,5,Friday,8
2018-08-31 06:00:00,4766.951,2018-08-31,6,Friday,8
2018-08-31 07:00:00,5034.2725,2018-08-31,7,Friday,8
2018-08-31 08:00:00,5337.982,2018-08-31,8,Friday,8
2018-08-31 09:00:00,5618.5244,2018-08-31,9,Friday,8
2018-08-31 10:00:00,5914.622,2018-08-31,10,Friday,8
2018-08-31 11:00:00,6205.9106,2018-08-31,11,Friday,8
2018-08-31 12:00:00,6470.846,2018-08-31,12,Friday,8
2018-08-31 13:00:00,6661.3223,2018-08-31,13,Friday,8
2018-08-31 14:00:00,6858.4707,2018-08-31,14,Friday,8
2018-08-31 15:00:00,6931.203,2018-08-31,15,Friday,8
2018-08-31 16:00:00,6988.4004,2018-08-31,16,Friday,8
2018-08-31 17:00:00,7013.6455,2018-08-31,17,Friday,8
2018-08-31 18:00:00,6944.317,2018-08-31,18,Friday,8
2018-08-31 19:00:00,6764.253,2018-08-31,19,Friday,8
2018-08-31 20:00:00,6506.958,2018-08-31,20,Friday,8
2018-08-31 21:00:00,6322.3047,2018-08-31,21,Friday,8
2018-08-31 22:00:00,6142.2446,2018-08-31,22,Friday,8
2018-08-31 23:00:00,5700.1963,2018-08-31,23,Friday,8
2018-09-01 00:00:00,5259.546,2018-09-01,0,Saturday,9
2018-09-01 01:00:00,4871.508,2018-09-01,1,Saturday,9
2018-09-01 02:00:00,4593.759,2018-09-01,2,Saturday,9
2018-09-01 03:00:00,4398.125,2018-09-01,3,Saturday,9
2018-09-01 04:00:00,4266.569,2018-09-01,4,Saturday,9
2018-09-01 05:00:00,4203.0317,2018-09-01,5,Saturday,9
2018-09-01 06:00:00,4233.793,2018-09-01,6,Saturday,9
2018-09-01 07:00:00,4280.3496,2018-09-01,7,Saturday,9
2018-09-01 08:00:00,4475.278,2018-09-01,8,Saturday,9
2018-09-01 09:00:00,4799.4453,2018-09-01,9,Saturday,9
2018-09-01 10:00:00,5191.014,2018-09-01,10,Saturday,9
2018-09-01 11:00:00,5484.4805,2018-09-01,11,Saturday,9
2018-09-01 12:00:00,5745.4414,2018-09-01,12,Saturday,9
2018-09-01 13:00:00,5943.156,2018-09-01,13,Saturday,9
2018-09-01 14:00:00,6122.248,2018-09-01,14,Saturday,9
2018-09-01 15:00:00,6251.6567,2018-09-01,15,Saturday,9
2018-09-01 16:00:00,6361.3228,2018-09-01,16,Saturday,9
2018-09-01 17:00:00,6447.2876,2018-09-01,17,Saturday,9
2018-09-01 18:00:00,6444.273,2018-09-01,18,Saturday,9
2018-09-01 19:00:00,6305.9736,2018-09-01,19,Saturday,9
2018-09-01 20:00:00,6116.905,2018-09-01,20,Saturday,9
2018-09-01 21:00:00,5948.6587,2018-09-01,21,Saturday,9
2018-09-01 22:00:00,5730.878,2018-09-01,22,Saturday,9
2018-09-01 23:00:00,5361.544,2018-09-01,23,Saturday,9
2018-09-02 00:00:00,4944.363,2018-09-02,0,Sunday,9
